[
  {
    "count": 2500,
    "msg": "педагогов участвовали во внедрении новых госстандартов работы с особенными детьми  в общеобразовательных школах"
  },
  {
    "count": 148,
    "msg": "человек с инвалидностью трудоустроено в 2016 году"
  },
  {
    "count": 40,
    "msg": "компаний-работодателей"
  },
  {
    "count": 15000,
    "msg": "граждан ежегодно участвуют  в мероприяти «Недели инклюзивного образования»"
  }
]