[
  {
    "img": "/images/newsImages/bg.jpg",
    "title": "Изменения в ПДД вынесены  на общественные слушания",
    "content": "Сопровождение в получении водительских прав категории «B». Сопровождение в получении, Сопровождение в получении",
    "date": "18 мая."
  },
  {
    "img": "/images/newsImages/sergiosvision.jpg",
    "title": "В Санкт-Петербурге пройдет детский Фестиваль паралимпийского спорта",
    "content": "Сопровождение в получении водительских прав категории «B». Сопровождение в получении, Сопровождение в получении",
    "date": "15 мая."
  },
  {
    "img": "/images/newsImages/bg.jpg",
    "title": "Участники спортивного проекта РООИ «Перспектива» посетили матч Спартак (Москва) — Ростов",
    "content": "Сопровождение в получении водительских прав категории «B». Сопровождение в получении, Сопровождение в получении",
    "date": "22 мая."
  },
  {
    "img": "/images/newsImages/sergiosvision.jpg",
    "title": "РООИ «Перспектива» прислоединилась  к проекту FIFA «Футбол во имя надежды»",
    "content": "Сопровождение в получении водительских прав категории «B». Сопровождение в получении, Сопровождение в получении",
    "date": "18 мая."
  },
  {
    "img": "/images/newsImages/bg.jpg",
    "title": "Изменен социальный стандарт транспортного обслуживания",
    "content": "Сопровождение в получении водительских прав категории «B». Сопровождение в получении, Сопровождение в получении",
    "date": "22 апр."
  },
  {
    "img": "/images/newsImages/sergiosvision.jpg",
    "title": "Вебинар онлайн-курса о практике инклюзивного образования прошел в веб-кшоле РООИ «Перспектива»",
    "content": "Сопровождение в получении водительских прав категории «B». Сопровождение в получении, Сопровождение в получении",
    "date": "18 апр."
  },
  {
    "img": "/images/newsImages/bg.jpg",
    "title": "Родителям оплатят весь период ухода за больным ребенком",
    "content": "Сопровождение в получении водительских прав категории «B». Сопровождение в получении, Сопровождение в получении",
    "date": "18 мар."
  },
  {
    "img": "/images/newsImages/sergiosvision.jpg",
    "title": "Минтруд планирует штрафовать организации за нетрудоустройство инвалидов ",
    "content": "Сопровождение в получении водительских прав категории «B». Сопровождение в получении, Сопровождение в получении",
    "date": "18 мар."
  },
  {
    "img": "/images/newsImages/bg.jpg",
    "title": "Жилищные льготы людей с инвалидностью",
    "content": "Сопровождение в получении водительских прав категории «B». Сопровождение в получении, Сопровождение в получении",
    "date": "3 мар."
  }
]