[
  {
    "img": "/images/newsImages/bg.jpg",
    "title": "Изменения в ПДД вынесены  на общественные слушания",
    "content": "Сопровождение в получении водительских прав категории «B». Сопровождение в получении, Сопровождение в получении",
    "date": "18 мая.",
    "tag": "Новости"
  },
  {
    "img": "/images/newsImages/sergiosvision.jpg",
    "title": "В Санкт-Петербурге пройдет детский Фестиваль паралимпийского спорта!",
    "content": "Сопровождение в получении водительских прав категории «B». Сопровождение в получении, Сопровождение в получении",
    "date": "15 мая.",
    "tag": "Новости"
  },
  {
    "img": "/images/newsImages/bg.jpg",
    "title": "Участники спортивного проекта РООИ «Перспектива» посетили матч Спартак (Москва) — Ростов",
    "content": "Сопровождение в получении водительских прав категории «B». Сопровождение в получении, Сопровождение в получении",
    "date": "22 мая.",
    "tag": "Новости"
  },
  {
    "img": "/images/newsImages/sergiosvision.jpg",
    "title": "РООИ «Перспектива» прислоединилась  к проекту FIFA «Футбол во имя надежды»",
    "content": "Сопровождение в получении водительских прав категории «B». Сопровождение в получении, Сопровождение в получении",
    "date": "18 мая.",
    "tag": "Новости"
  },
  {
    "img": "/images/newsImages/bg.jpg",
    "title": "Изменен социальный стандарт транспортного обслуживания",
    "content": "Сопровождение в получении водительских прав категории «B». Сопровождение в получении, Сопровождение в получении",
    "date": "22 апр.",
    "tag": "Новости"
  },
  {
    "img": "/images/newsImages/sergiosvision.jpg",
    "title": "Вебинар онлайн-курса о практике инклюзивного образования прошел в веб-кшоле РООИ «Перспектива»",
    "content": "Сопровождение в получении водительских прав категории «B». Сопровождение в получении, Сопровождение в получении",
    "date": "18 апр.",
    "tag": "Новости"
  },
  {
    "img": "/images/newsImages/bg.jpg",
    "title": "В Санкт-Петербурге пройдет детский Фестиваль паралимпийского спорта",
    "content": "<p>22 мая Санкт-Петербурге состоится детский Фестиваль параспорта, где примут участие ученики городских школ с инвалидностью и без. Юные спортсмены смогут попробовать свои силы в пяти видах параспорта. Мероприятие пройдет в рамках совместного проекта <b><a href='#'>БФ «Система»</a></b> и <b><a href='#'>региональной общественной организации людей с инвалидностью «Перспектива».</a></b></p><br><br><p>В детском Фестивале параспорта примут участие более 150 учеников из пяти школ Санкт-Петербурга  – в частности, полным ходом идет подготовка к мероприятию в школах-интернатах № 20 Петроградского района, № 9 Калининского района и в школе № 663 Московского района Санкт-Петербурга.</p><br><br><p>Уникальность Фестиваля в том, что его участники – это ребята с инвалидностью. В программе спортивного праздника – паралимпийские виды спорта: регби на колясках, волейбол сидя, бадминтон на колясках, флорбол на колясках. Команды смогут попробовать свои силы каждом из этих видов параспорта.</p><br><br><blockquote>РОИИ «Перспектива» является официальным партнёром совместного проекта  FIFA «Футбол во имя надежды». Мы поможем вашей компании организовать инклюзивный спортивный фестиваль: предсотавим всю необходимую информацию, подберём площадку и возьмём организаторские хлопоты по проведению мероприятия на месте.<br><br><a href='/newsnpm run egergerergerwgergrferergernwefwewgergergererнывпнгцупарцнугрпнгуцкogkjeriojgio'>Подробнее об услуге</a></blockquote><br><br><p>Почетными гостями мероприятия станут: Владимир Бусыгин, тренер команды Санкт-Петербурга по регби на колясках, серебряный призер чемпионата России по регби на колясках-2018 и Разиля Ермакова, президент Санкт-Петербургского физкультурно-спортивного клуба «Паралимпик». Также среди приглашённых гостей – Оксана Крамар, руководитель проекта «Преодолей-ка в Санкт-Петербурге».</p><br><br><p>    Занятия по волейболу сидя проведет Дарья Федоро́вич, чемпионка Владимирской области по классическому волейболу, координатор спортивного отдела РООИ «Перспектива».</p><br><br><p>Бодрое настроение на площадке будет создавать детский инклюзивный танцевальный проект «Преодолей-Ка».</p><br><br><img src='/images/newsImages/newsImg.jpg'><br><br><p>«Сегодня паралимпийский спорт стал популярен и это радует. Он интересен не только узкому кругу – профессиональным спортсменам и тем, кто их поддерживает, но и широкой аудитории зрителей, – говорит Владимир Бусыгин, тренер команды Санкт-Петербурга по регби на колясках. – Значение Фестиваля сложно преувеличить. Кому-то из ребят он откроет дорогу в профессиональный спорт. А всем нашим зрителям убедительно продемонстрирует – сила духа и воля к победе помогут преодолеть любые обстоятельства».</p><br><br><p>Присоединяйтесь к детскому Фестивалю паралимпийского спорта!</p><br><br><p><b>Дата</b>: 22 мая 2018, 13.00-17.00</p><br><br><p><b>Место</b>: Санкт-Петербург, СК «Фабрика футбола», Софийская улица, 14, корп. 2Б</p>",
    "date": "18 мар.",
    "tag": "Новости"
  },
  {
    "img": "/images/newsImages/sergiosvision.jpg",
    "title": "Минтруд планирует штрафовать организации за нетрудоустройство инвалидов ",
    "content": "Сопровождение в получении водительских прав категории «B». Сопровождение в получении, Сопровождение в получении",
    "date": "18 мар.",
    "tag": "Новости"
  },
  {
    "img": "/images/newsImages/bg.jpg",
    "title": "Жилищные льготы людей с инвалидностью",
    "content": "Сопровождение в получении водительских прав категории «B». Сопровождение в получении, Сопровождение в получении",
    "date": "3 мар.",
    "tag": "Новости"
  }
]