[
  {
    "name": "ЮристPlus",
    "about": "Организация занимается юридическим сопровождением по вопросами законодательства субъектов Российской Федерации по предоставлению мер социальной поддержки.",
    "address": "Санкт-Петербург, Софийская улица, 14, корп. 2Б",
    "mail": "yuristplus@yandex.ru",
    "phone": "8 (800) 2000–250",
    "peoples": [
      {
        "photo": "/images/peoples/1.jpg",
        "name": "Денис Соловцов",
        "profession": "Специалист по кадрам и вопросам инклюзивного трудоустройства",
        "phone": "+7 (923) 456–02–78",
        "mail": "solncev76@yandex.ru"
      },
      {
        "photo": "/images/peoples/2.jpg",
        "name": "Нарек Габриелян",
        "profession": "Специалист по взаимодействию работодателей и HR-специалистов с РООИ",
        "phone": "+7 (982) 352–00–70",
        "mail": "billtrain@gmail.com"
      },
      {
        "photo": "/images/peoples/3.jpg",
        "name": "Марина Красноперстова",
        "profession": "Менеджер по работе с клиентами",
        "phone": "+7 (923) 721–45–73 ",
        "mail": "marinaYuPlus@mail.ru"
      },
      {
        "photo": "/images/newsImages/sergiosvision.jpg",
        "name": "Sergios Vision",
        "profession": "Специалист по Неграм.",
        "phone": "+7 (800) 555–35–35",
        "mail": "niggaSpecialist@gmail.com"
      }
    ]
  },
  {
    "name": "КДВ групп",
    "about": "КДВ групп предлагает различные категории товаров. Всю информацию о товарах Вы найдете на официальном сайте компании КДВ групп.",
    "address": "Санкт-Петербург, Софийская улица, 14, корп. 2Б",
    "mail": "KDV@yandex.ru",
    "phone": "8 (800) 555–3535",
    "peoples": [
      {
        "photo": "",
        "name": "Sergios Vision",
        "profession": "Специалист по Неграм.",
        "phone": "+7 (800) 555–35–35",
        "mail": "niggaSpecialist@gmail.com"
      },
      {
        "photo": "/images/peoples/2.jpg",
        "name": "Нарек Габриелян",
        "profession": "Специалист по взаимодействию работодателей и HR-специалистов с РООИ",
        "phone": "+7 (982) 352–00–70",
        "mail": "billtrain@gmail.com"
      },
      {
        "photo": "/images/peoples/3.jpg",
        "name": "Марина Красноперстова",
        "profession": "Менеджер по работе с клиентами",
        "phone": "+7 (923) 721–45–73 ",
        "mail": "marinaYuPlus@mail.ru"
      }
    ]
  },
  {
    "name": "Ещё какой-нибудь фонд красивый очень с очень блин длинным названием типа ООО ОАО ",
    "about": "Zombie ipsum reversus ab viral inferno, nam rick grimes malum cerebro. De carne lumbering animata corpora quaeritis. Summus brains sit​​, morbo vel maleficia? De apocalypsi gorger omero undead survivor dictum mauris. Hi mindless mortuis soulless creaturas, imo evil stalking monstra adventus resi dentevil vultus comedat cerebella viventium. Qui animated corpse, cricket bat max brucks terribilem incessu zomby. The voodoo sacerdos flesh eater, suscitat mortuos comedere carnem virus. Zonbi tattered for solum oculi eorum defunctis go lum cerebro. Nescio brains an Undead zombies. Sicut malus putrid voodoo horror. Nigh tofth eliv ingdead.Cum horribilem walking dead resurgere de crazed sepulcris creaturis, zombie sicut de grave feeding iride et serpens. Pestilentia, shaun ofthe dead scythe animated corpses ipsa screams. Pestilentia est plague haec decaying ambulabat mortuos. Sicut zeder apathetic malus voodoo. Aenean a dolor plan et terror soulless vulnerum contagium accedunt, mortui iam vivam unlife. Qui tardius moveri, brid eof reanimator sed in magna copia sint terribiles undeath legionis. Alii missing oculis aliorum sicut serpere crabs nostram. Putridi braindead odores kill and infect, aere implent left four dead.Lucio fulci tremor est dark vivos magna. Expansis creepy arm yof darkness ulnis witchcraft missing carnem armis Kirkman Moore and Adlard caeruleum in locis. Romero morbo Congress amarus in auras. Nihil horum sagittis tincidunt, zombie slack-jawed gelida survival portenta. The unleashed virus est, et iam zombie mortui ambulabunt super terram. Souless mortuum glassy-eyed oculos attonitos indifferent back zom bieapoc alypse. An hoc dead snow braaaiiiins sociopathic incipere Clairvius Narcisse, an ante? Is bello mundi z?",
    "address": "Северск, улица Победы, 22",
    "mail": "yuristplus@yandex.ru",
    "phone": "8 (800) 2000–250",
    "peoples": []
  },
  {
    "name": "ЮTest+",
    "about": "Zombie ipsum reversus ab viral inferno, nam rick grimes malum cerebro. De carne lumbering animata corpora quaeritis. Summus brains sit​​, morbo vel maleficia? De apocalypsi gorger omero undead survivor dictum mauris. Hi mindless mortuis soulless creaturas, imo evil stalking monstra adventus resi dentevil vultus comedat cerebella viventium. Qui animated corpse, cricket bat max brucks terribilem incessu zomby. The voodoo sacerdos flesh eater, suscitat mortuos comedere carnem virus. Zonbi tattered for solum oculi eorum defunctis go lum cerebro. Nescio brains an Undead zombies. Sicut malus putrid voodoo horror. Nigh tofth eliv ingdead.Cum horribilem walking dead resurgere de crazed sepulcris creaturis, zombie sicut de grave feeding iride et serpens. Pestilentia, shaun ofthe dead scythe animated corpses ipsa screams. Pestilentia est plague haec decaying ambulabat mortuos. Sicut zeder apathetic malus voodoo. Aenean a dolor plan et terror soulless vulnerum contagium accedunt, mortui iam vivam unlife. Qui tardius moveri, brid eof reanimator sed in magna copia sint terribiles undeath legionis. Alii missing oculis aliorum sicut serpere crabs nostram. Putridi braindead odores kill and infect, aere implent left four dead.Lucio fulci tremor est dark vivos magna. Expansis creepy arm yof darkness ulnis witchcraft missing carnem armis Kirkman Moore and Adlard caeruleum in locis. Romero morbo Congress amarus in auras. Nihil horum sagittis tincidunt, zombie slack-jawed gelida survival portenta. The unleashed virus est, et iam zombie mortui ambulabunt super terram. Souless mortuum glassy-eyed oculos attonitos indifferent back zom bieapoc alypse. An hoc dead snow braaaiiiins sociopathic incipere Clairvius Narcisse, an ante? Is bello mundi z?In Craven omni memoria patriae zombieland clairvius narcisse religionis sunt diri undead historiarum. Golums, zombies unrelenting et Raimi fascinati beheading. Maleficia! Vel cemetery man a modern bursting eyeballs perhsaps morbi. A terrenti flesh contagium. Forsitan deadgurl illud corpse Apocalypsi, vel staggering malum zomby poenae chainsaw zombi horrifying fecimus burial ground. Indeflexus shotgun coup de poudre monstra per plateas currere. Fit de decay nostra carne undead. Poenitentiam violent zom biehig hway agite RE:dead pœnitentiam! Vivens mortua sunt apud nos night of the living dead.Whyt zomby Ut fames after death cerebro virus enim carnis grusome, viscera et organa viventium. Sicut spargit virus ad impetum, qui supersumus flesh eating. Avium, brains guts, ghouls, unholy canum, fugere ferae et infecti horrenda monstra. Videmus twenty-eight deformis pale, horrenda daemonum. Panduntur brains portae rotting inferi. Finis accedens walking deadsentio terrore perterritus et twen tee ate daze leighter taedium wal kingdead. The horror, monstra epidemic significant finem. Terror brains sit unum viral superesse undead sentit, ut caro eaters maggots, caule nobis.",
    "address": "Hell",
    "mail": "hell@yandex.ru",
    "phone": "8 (800) 555–250",
    "peoples": [
      {
        "photo": "/images/newsImages/dog.jpg",
        "name": "Zombie Dog",
        "profession": "Zombie Dog",
        "phone": "+7 (982) 352–00–70",
        "mail": "zombieDog@gmail.com"
      }
    ]
  },
  {
    "name": "ЮристPlus",
    "about": "Организация занимается юридическим сопровождением по вопросами законодательства субъектов Российской Федерации по предоставлению мер социальной поддержки.",
    "address": "Санкт-Петербург, Софийская улица, 14, корп. 2Б",
    "mail": "yuristplus@yandex.ru",
    "phone": "8 (800) 2000–250",
    "peoples": []
  }
]