[
  {
    "img": "/images/slides/FirstSlide.jpg",
    "title": "Сопровождение в получении водительских прав категории «B»",
    "content": "Сопровождение в получении водительских прав категории «B». Сопровождение в получении, Сопровождение в получении",
    "tag": "Услуги",
    "date": ""
  },
  {
    "img": "/images/newsImages/sergiosvision.jpg",
    "title": "Участие в совместном проекте FIFA «Футбол во имя надежды»",
    "content": "Сопровождение в получении водительских прав категории «B». Сопровождение в получении, Сопровождение в получении",
    "tag": "Услуги",
    "date": ""
  },
  {
    "img": "/images/newsImages/dog.jpg",
    "title": " Консультации по вопросам трудоустройства",
    "content": "<div class='test' style='color: #000;'>Tekst</div>",
    "tag": "Услуги",
    "date": ""
  },
  {
    "img": "/images/newsImages/sergiosvision.jpg",
    "title": "Семинары по пониманию инвалидности, инклюзивному образованию, навыкам отстаивания прав и самоадвокатуре",
    "content": "Сопровождение в получении водительских прав категории «B». Сопровождение в получении, Сопровождение в получении",
    "tag": "Услуги",
    "date": ""
  },
  {
    "img": "/images/newsImages/raccoon.jpg",
    "title": "Развитие в школах понимания о людях  с инвалидностью и паралимпийском спорте",
    "content": "Сопровождение в получении водительских прав категории «B». Сопровождение в получении, Сопровождение в получении",
    "tag": "Услуги",
    "date": ""
  },
  {
    "img": "/images/slides/slide2.jpg",
    "title": "Тренинг «Технология и практика обслуживания клиентов с инвалидностью»",
    "content": "Сопровождение в получении водительских прав категории «B». Сопровождение в получении, Сопровождение в получении",
    "tag": "Услуги",
    "date": ""
  }
]