[
  {
    "img": "/images/slides/FirstSlide.jpg",
    "title": "РООИ «Перспектива»",
    "description": "Наша миссия — добиться полного включения людей с инвалидностью во все сферы жизни общества и улучшить качество их жизни.",
    "link": "/services/%D0%A1%D0%BE%D0%BF%D1%80%D0%BE%D0%B2%D0%BE%D0%B6%D0%B4%D0%B5%D0%BD%D0%B8%D0%B5%20%D0%B2%20%D0%BF%D0%BE%D0%BB%D1%83%D1%87%D0%B5%D0%BD%D0%B8%D0%B8%20%D0%B2%D0%BE%D0%B4%D0%B8%D1%82%D0%B5%D0%BB%D1%8C%D1%81%D0%BA%D0%B8%D1%85%20%D0%BF%D1%80%D0%B0%D0%B2%20%D0%BA%D0%B0%D1%82%D0%B5%D0%B3%D0%BE%D1%80%D0%B8%D0%B8%20%C2%ABB%C2%BB"
  },
  {
    "img": "/images/slides/slide2.jpg",
    "title": "Тренинг",
    "description": "Технология и практика обслуживания клиентов с инвалидностью",
    "link": "/services/%D0%A3%D1%87%D0%B0%D1%81%D1%82%D0%B8%D0%B5%20%D0%B2%20%D1%81%D0%BE%D0%B2%D0%BC%D0%B5%D1%81%D1%82%D0%BD%D0%BE%D0%BC%20%D0%BF%D1%80%D0%BE%D0%B5%D0%BA%D1%82%D0%B5%20FIFA%20%C2%AB%D0%A4%D1%83%D1%82%D0%B1%D0%BE%D0%BB%20%D0%B2%D0%BE%20%D0%B8%D0%BC%D1%8F%20%D0%BD%D0%B0%D0%B4%D0%B5%D0%B6%D0%B4%D1%8B%C2%BB"
  },
  {
    "img": "/images/slides/slide3.jpg",
    "title": "Карьерные перспективы",
    "description": "Приглашаем молодежь с инвалидностью  на увлекательную серию образовательных тренингов  по трудоустройству..",
    "link": "/services/%D0%A1%D0%B5%D0%BC%D0%B8%D0%BD%D0%B0%D1%80%D1%8B%20%D0%BF%D0%BE%20%D0%BF%D0%BE%D0%BD%D0%B8%D0%BC%D0%B0%D0%BD%D0%B8%D1%8E%20%D0%B8%D0%BD%D0%B2%D0%B0%D0%BB%D0%B8%D0%B4%D0%BD%D0%BE%D1%81%D1%82%D0%B8,%20%D0%B8%D0%BD%D0%BA%D0%BB%D1%8E%D0%B7%D0%B8%D0%B2%D0%BD%D0%BE%D0%BC%D1%83%20%D0%BE%D0%B1%D1%80%D0%B0%D0%B7%D0%BE%D0%B2%D0%B0%D0%BD%D0%B8%D1%8E,%20%D0%BD%D0%B0%D0%B2%D1%8B%D0%BA%D0%B0%D0%BC%20%D0%BE%D1%82%D1%81%D1%82%D0%B0%D0%B8%D0%B2%D0%B0%D0%BD%D0%B8%D1%8F%20%D0%BF%D1%80%D0%B0%D0%B2%20%D0%B8%20%D1%81%D0%B0%D0%BC%D0%BE%D0%B0%D0%B4%D0%B2%D0%BE%D0%BA%D0%B0%D1%82%D1%83%D1%80%D0%B5"
  },
  {
    "img": "/images/slides/slide4.jpg",
    "title": "Мастер-класс",
    "description": "В московской школе 2100 прошел мастер-класс по волейболу сидя. РООИ «Перспектива» проводит проект «Дети в движении. Вместе лучше!»  совместно с компанией NIKE.",
    "link": "/services/%D0%A0%D0%B0%D0%B7%D0%B2%D0%B8%D1%82%D0%B8%D0%B5%20%D0%B2%20%D1%88%D0%BA%D0%BE%D0%BB%D0%B0%D1%85%20%D0%BF%D0%BE%D0%BD%D0%B8%D0%BC%D0%B0%D0%BD%D0%B8%D1%8F%20%D0%BE%20%D0%BB%D1%8E%D0%B4%D1%8F%D1%85%20%E2%80%A8%D1%81%20%D0%B8%D0%BD%D0%B2%D0%B0%D0%BB%D0%B8%D0%B4%D0%BD%D0%BE%D1%81%D1%82%D1%8C%D1%8E%20%D0%B8%20%D0%BF%D0%B0%D1%80%D0%B0%D0%BB%D0%B8%D0%BC%D0%BF%D0%B8%D0%B9%D1%81%D0%BA%D0%BE%D0%BC%20%D1%81%D0%BF%D0%BE%D1%80%D1%82%D0%B5"
  }
]