[
  {
    "img": "/images/newsImages/sergiosvision.jpg",
    "title": "Инклюзивный полумарафон «Первый снег: разные возможности – цель одна»"
  },
  {
    "img": "/images/newsImages/bg.jpg",
    "title": "«Первый снег: разные возможности – цель одна»"
  },
  {
    "img": "/images/newsImages/raccoon.jpg",
    "title": "Raccoon"
  },
  {
    "img": "/images/newsImages/dog.jpg",
    "title": "Zombie Dog"
  }
]