[
  {
    "img": "/images/newsImages/bg.jpg",
    "title": "Требования к оснащению (оборудованию) специальных рабочих мест для трудоустройства инвалидов",
    "content": "Сопровождение в получении водительских прав категории «B». Сопровождение в получении, Сопровождение в получении",
    "date": "22 мая."
  },
  {
    "img": "/images/newsImages/sergiosvision.jpg",
    "title": "В высокотехнологичной медпомощи отказано: что делать?",
    "content": "Сопровождение в получении водительских прав категории «B». Сопровождение в получении, Сопровождение в получении",
    "date": "22 мая."
  },
  {
    "img": "/images/newsImages/bg.jpg",
    "title": "Правоприменительная практика предоставления жилья людям  с инвалидностью",
    "content": "Сопровождение в получении водительских прав категории «B». Сопровождение в получении, Сопровождение в получении",
    "date": "22 мая."
  },
  {
    "img": "/images/newsImages/bg.jpg",
    "title": "Выдержки из вебинара «Фандрайзинг для НКО: Работа с коммерческими компаниями» Татьяны Бурмистровой",
    "content": "Сопровождение в получении водительских прав категории «B». Сопровождение в получении, Сопровождение в получении",
    "date": "22 мая."
  },
  {
    "img": "/images/newsImages/sergiosvision.jpg",
    "title": "От ПНИ к сопровождаемому проживанию",
    "content": "Сопровождение в получении водительских прав категории «B». Сопровождение в получении, Сопровождение в получении",
    "date": "22 мая."
  },
  {
    "img": "/images/newsImages/sergiosvision.jpg",
    "title": "Как способствовать турдоустройству людей с нарушениями опорно-двигательного аппарата?",
    "content": "Сопровождение в получении водительских прав категории «B». Сопровождение в получении, Сопровождение в получении",
    "date": "22 мая."
  }
]